{
  "raw_file_size":20996,
  "file_size_mb":0.020023345947265625,
  "num_packets":200,
  "duration":1.2883780002593994,
  "num_hosts":0,
  "num_ports":0,
  "hosts":[
  ],
  "ports":[
  ]
}
