{
  "raw_file_size":10592,
  "file_size_mb":0.010101318359375,
  "num_packets":94,
  "duration":5.2841269969940186,
  "num_hosts":0,
  "num_ports":0,
  "hosts":[
  ],
  "ports":[
  ]
}
